{
  "$schema": "http://json.schemastore.org/template",
  "author": "Qualix Solution",
  "classifications": [ "Web", "Solution" ],
  "identity": "QualixSolution.CleanArchitecture",
  "name": "CleanArchitecture-Project Template",
  "shortName": "clean-sln",
  "sourceName": "ProjectName",
  "preferNameDirectory": true,
  "symbols": {
    "smallName": {
      "type": "parameter",
      "replaces": "project name",
      "description": "The base name for the application"
    },
    "clientName": {
      "type": "parameter",
      "replaces": "projectname",
      "description": "The base name for the application"
    }
  }

}
